shipment_id,shipment_date,flower_id,quantity,flower_name,damage_function,cost_cad,days_in_storage,average_damage,quantity_no_damage,money_lost_damage,inventory_gross_value
0,2024-01-08 17:35:00,4,738,bouquet_rose_orange,1.0,10,33,0.33,494.4599999999999,2435.4000000000005,7380
1,2024-01-09 05:28:00,5,1673,pom,1.5,7,32,0.21333333333333332,1316.0933333333332,2498.3466666666673,11711
2,2024-01-11 16:56:00,10,1330,spiders,2.0,9,30,0.15,1130.5,1795.5,11970
3,2024-01-19 04:43:00,0,1950,alstromelia,3.0,5,22,0.07333333333333333,1807.0,715.0,9750
4,2024-01-19 16:41:00,4,1853,bouquet_rose_orange,1.0,10,22,0.22,1445.3400000000001,4076.5999999999985,18530
5,2024-01-18 20:10:00,2,661,bouquet_rose_red,1.0,10,23,0.23,508.97,1520.2999999999997,6610
6,2024-01-26 23:18:00,7,1741,hydrangea,1.0,10,15,0.15,1479.85,2611.500000000001,17410
7,2024-01-13 01:57:00,5,235,pom,1.5,7,28,0.18666666666666665,191.13333333333333,307.0666666666667,1645
8,2024-02-01 06:42:00,6,819,tulip,2.0,5,9,0.045,782.145,184.2750000000001,4095
9,2024-02-09 13:09:00,3,1568,bouquet_rose_yellow,1.0,10,1,0.01,1552.32,156.80000000000064,15680
10,2024-01-04 11:42:00,11,647,spray rose,2.0,5,37,0.185,527.305,598.4750000000003,3235
11,2024-01-23 14:04:00,2,1139,bouquet_rose_red,1.0,10,18,0.18,933.98,2050.2,11390
12,2024-02-02 08:20:00,0,826,alstromelia,3.0,5,8,0.026666666666666665,803.9733333333334,110.13333333333321,4130
13,2024-01-02 08:20:00,1,432,bouquet_rose_white,1.0,10,39,0.39,263.52,1684.8000000000002,4320
14,2024-01-20 02:56:00,1,1634,bouquet_rose_white,1.0,10,21,0.21,1290.8600000000001,3431.3999999999987,16340
15,2024-01-27 10:48:00,6,1143,tulip,2.0,5,14,0.07,1062.99,400.04999999999995,5715
16,2024-01-28 03:54:00,2,1298,bouquet_rose_red,1.0,10,13,0.13,1129.26,1687.4,12980
17,2024-01-13 09:20:00,10,1660,spiders,2.0,9,28,0.14,1427.6,2091.600000000001,14940
18,2024-01-23 22:10:00,6,1057,tulip,2.0,5,18,0.09,961.87,475.65,5285
19,2024-01-29 05:54:00,8,637,carnation,2.0,8,12,0.06,598.78,305.7600000000002,5096
20,2024-01-03 03:10:00,10,1268,spiders,2.0,9,38,0.19,1027.0800000000002,2168.279999999999,11412
21,2024-01-13 00:15:00,8,279,carnation,2.0,8,28,0.14,239.94,312.48,2232
22,2024-01-31 06:00:00,9,539,minicarnation,3.0,6,10,0.03333333333333333,521.0333333333333,107.80000000000018,3234
23,2024-01-27 21:12:00,6,332,tulip,2.0,5,14,0.07,308.76,116.20000000000005,1660
24,2024-01-16 08:22:00,1,548,bouquet_rose_white,1.0,10,25,0.25,411.0,1370.0,5480
25,2024-01-22 14:16:00,1,371,bouquet_rose_white,1.0,10,19,0.19,300.51000000000005,704.8999999999995,3710
26,2023-12-30 04:48:00,4,1333,bouquet_rose_orange,1.0,10,42,0.42,773.1400000000001,5598.5999999999985,13330
27,2024-01-26 22:38:00,0,546,alstromelia,3.0,5,15,0.05,518.6999999999999,136.50000000000034,2730
28,2024-01-09 23:28:00,9,1622,minicarnation,3.0,6,32,0.10666666666666666,1448.9866666666667,1038.08,9732
29,2024-01-15 23:55:00,4,1112,bouquet_rose_orange,1.0,10,26,0.26,822.88,2891.2,11120
30,2024-02-02 08:33:00,10,243,spiders,2.0,9,8,0.04,233.28,87.47999999999999,2187
31,2024-01-10 16:45:00,4,1995,bouquet_rose_orange,1.0,10,31,0.31,1376.55,6184.5,19950
32,2024-01-06 18:15:00,6,492,tulip,2.0,5,35,0.175,405.9,430.5000000000001,2460
33,2024-02-09 16:58:00,3,1566,bouquet_rose_yellow,1.0,10,1,0.01,1550.34,156.60000000000082,15660
34,2024-01-03 12:55:00,6,1406,tulip,2.0,5,38,0.19,1138.8600000000001,1335.6999999999994,7030
35,2024-01-06 18:14:00,2,709,bouquet_rose_red,1.0,10,35,0.35,460.85,2481.5,7090
36,2024-01-22 06:55:00,8,250,carnation,2.0,8,19,0.095,226.25,190.0,2000
37,2024-02-02 15:37:00,5,825,pom,1.5,7,8,0.05333333333333333,781.0,308.0,5775
38,2024-01-12 20:31:00,12,1255,gypsophilia,4.0,3,29,0.0725,1164.0125,272.96249999999986,3765
39,2024-01-21 02:27:00,12,683,gypsophilia,4.0,3,20,0.05,648.85,102.44999999999993,2049
40,2024-02-02 03:26:00,6,764,tulip,2.0,5,8,0.04,733.4399999999999,152.8000000000003,3820
41,2024-01-29 00:42:00,2,1076,bouquet_rose_red,1.0,10,12,0.12,946.88,1291.2,10760
42,2024-02-09 20:11:00,11,1470,spray rose,2.0,5,1,0.005,1462.65,36.749999999999545,7350
43,2024-01-17 02:20:00,0,1836,alstromelia,3.0,5,24,0.08,1689.1200000000001,734.3999999999994,9180
44,2024-01-09 19:59:00,12,313,gypsophilia,4.0,3,32,0.08,287.96000000000004,75.11999999999989,939
45,2024-01-24 15:26:00,4,1659,bouquet_rose_orange,1.0,10,17,0.17,1376.97,2820.2999999999997,16590
46,2024-01-01 08:00:00,5,214,pom,1.5,7,40,0.26666666666666666,156.93333333333334,399.46666666666664,1498
47,2024-01-15 03:50:00,2,893,bouquet_rose_red,1.0,10,26,0.26,660.8199999999999,2321.8000000000006,8930
48,2024-01-27 03:24:00,10,842,spiders,2.0,9,14,0.07,783.06,530.4600000000005,7578
49,2024-01-10 21:58:00,2,1439,bouquet_rose_red,1.0,10,31,0.31,992.91,4460.900000000001,14390
50,2024-01-08 17:33:00,2,513,bouquet_rose_red,1.0,10,33,0.33,343.71,1692.9,5130
51,2024-01-01 18:32:00,8,1238,carnation,2.0,8,40,0.2,990.4000000000001,1980.7999999999993,9904
52,2024-01-21 12:43:00,3,558,bouquet_rose_yellow,1.0,10,20,0.2,446.40000000000003,1115.9999999999995,5580
53,2024-02-01 21:10:00,4,545,bouquet_rose_orange,1.0,10,9,0.09,495.95,490.5000000000001,5450
54,2023-12-31 12:02:00,9,551,minicarnation,3.0,6,41,0.13666666666666666,475.69666666666666,451.82000000000005,3306
55,2024-02-05 12:24:00,9,1687,minicarnation,3.0,6,5,0.016666666666666666,1658.8833333333332,168.70000000000073,10122
56,2024-01-12 10:19:00,12,372,gypsophilia,4.0,3,29,0.0725,345.03,80.91000000000008,1116
57,2024-01-17 16:25:00,12,1837,gypsophilia,4.0,3,24,0.06,1726.78,330.6600000000001,5511
58,2024-01-16 03:16:00,10,201,spiders,2.0,9,25,0.125,175.875,226.125,1809
59,2024-02-09 09:37:00,0,217,alstromelia,3.0,5,1,0.003333333333333333,216.27666666666667,3.616666666666646,1085
60,2024-02-01 08:39:00,7,875,hydrangea,1.0,10,9,0.09,796.25,787.5,8750
61,2024-01-07 06:03:00,12,326,gypsophilia,4.0,3,34,0.085,298.29,83.12999999999994,978
62,2024-01-27 07:25:00,1,216,bouquet_rose_white,1.0,10,14,0.14,185.76,302.4000000000001,2160
63,2024-01-12 14:05:00,10,732,spiders,2.0,9,29,0.145,625.86,955.2599999999999,6588
64,2024-01-07 19:50:00,12,409,gypsophilia,4.0,3,34,0.085,374.235,104.29499999999996,1227
65,2024-02-06 01:08:00,2,1172,bouquet_rose_red,1.0,10,4,0.04,1125.12,468.8000000000011,11720
66,2024-01-05 08:03:00,8,786,carnation,2.0,8,36,0.18,644.5200000000001,1131.8399999999992,6288
67,2024-01-04 15:25:00,12,411,gypsophilia,4.0,3,37,0.0925,372.9825,114.05249999999995,1233
68,2024-02-06 16:47:00,12,284,gypsophilia,4.0,3,4,0.01,281.16,8.519999999999925,852
69,2024-01-16 23:03:00,2,884,bouquet_rose_red,1.0,10,25,0.25,663.0,2210.0,8840
70,2024-01-28 22:11:00,8,252,carnation,2.0,8,13,0.065,235.62,131.03999999999996,2016
71,2024-02-01 10:32:00,5,1513,pom,1.5,7,9,0.06,1422.22,635.4599999999998,10591
72,2024-01-26 16:22:00,12,1356,gypsophilia,4.0,3,15,0.0375,1305.15,152.54999999999973,4068
73,2024-01-31 11:49:00,10,830,spiders,2.0,9,10,0.05,788.5,373.5,7470
74,2024-01-13 08:00:00,3,1593,bouquet_rose_yellow,1.0,10,28,0.28,1146.96,4460.4,15930
75,2024-01-16 09:30:00,1,506,bouquet_rose_white,1.0,10,25,0.25,379.5,1265.0,5060
76,2024-02-10 23:02:00,4,330,bouquet_rose_orange,1.0,10,0,0.0,330.0,0.0,3300
77,2024-01-19 22:39:00,4,894,bouquet_rose_orange,1.0,10,22,0.22,697.32,1966.7999999999995,8940
78,2024-01-12 02:57:00,7,1248,hydrangea,1.0,10,29,0.29,886.0799999999999,3619.2000000000007,12480
79,2024-01-31 08:50:00,7,757,hydrangea,1.0,10,10,0.1,681.3000000000001,756.9999999999993,7570
80,2024-01-16 10:04:00,3,1095,bouquet_rose_yellow,1.0,10,25,0.25,821.25,2737.5,10950
81,2024-02-09 17:07:00,10,209,spiders,2.0,9,1,0.005,207.955,9.404999999999887,1881
82,2024-02-05 22:46:00,12,1078,gypsophilia,4.0,3,5,0.0125,1064.525,40.42499999999973,3234
83,2024-01-14 04:01:00,6,1687,tulip,2.0,5,27,0.135,1459.2549999999999,1138.7250000000006,8435
84,2024-01-22 07:38:00,11,1956,spray rose,2.0,5,19,0.095,1770.18,929.0999999999997,9780
85,2024-01-02 18:17:00,12,502,gypsophilia,4.0,3,39,0.0975,453.055,146.83499999999998,1506
86,2024-02-04 05:35:00,2,1607,bouquet_rose_red,1.0,10,6,0.06,1510.58,964.2000000000007,16070
87,2024-01-22 23:47:00,11,774,spray rose,2.0,5,19,0.095,700.47,367.64999999999986,3870
88,2024-01-18 06:32:00,1,1214,bouquet_rose_white,1.0,10,23,0.23,934.78,2792.2000000000003,12140
89,2024-01-04 00:52:00,9,1608,minicarnation,3.0,6,37,0.12333333333333332,1409.68,1189.9199999999996,9648
90,2024-02-07 21:54:00,8,1004,carnation,2.0,8,3,0.015,988.9399999999999,120.48000000000047,8032
91,2024-01-09 03:51:00,3,575,bouquet_rose_yellow,1.0,10,32,0.32,390.99999999999994,1840.0000000000005,5750
92,2024-01-09 12:26:00,11,1834,spray rose,2.0,5,32,0.16,1540.56,1467.2000000000003,9170
93,2023-12-31 20:42:00,10,1015,spiders,2.0,9,41,0.205,806.9250000000001,1872.6749999999993,9135
94,2024-01-19 21:17:00,2,1732,bouquet_rose_red,1.0,10,22,0.22,1350.96,3810.3999999999996,17320
95,2024-01-20 09:59:00,6,1324,tulip,2.0,5,21,0.105,1184.98,695.0999999999999,6620
96,2024-01-06 12:25:00,6,830,tulip,2.0,5,35,0.175,684.75,726.25,4150
97,2024-02-07 23:46:00,1,1821,bouquet_rose_white,1.0,10,3,0.03,1766.37,546.3000000000011,18210
98,2024-02-03 04:41:00,12,1264,gypsophilia,4.0,3,7,0.0175,1241.88,66.35999999999967,3792
99,2024-01-02 13:36:00,4,1213,bouquet_rose_orange,1.0,10,39,0.39,739.93,4730.700000000001,12130
100,2024-01-18 09:20:00,1,886,bouquet_rose_white,1.0,10,23,0.23,682.22,2037.7999999999997,8860
101,2024-01-07 15:29:00,9,1663,minicarnation,3.0,6,34,0.11333333333333333,1474.5266666666666,1130.8400000000001,9978
102,2024-01-21 12:43:00,2,1249,bouquet_rose_red,1.0,10,20,0.2,999.2,2497.9999999999995,12490
103,2024-01-19 06:40:00,0,251,alstromelia,3.0,5,22,0.07333333333333333,232.59333333333333,92.03333333333333,1255
104,2024-02-07 06:57:00,2,877,bouquet_rose_red,1.0,10,3,0.03,850.6899999999999,263.1000000000006,8770
105,2024-01-31 11:14:00,1,496,bouquet_rose_white,1.0,10,10,0.1,446.40000000000003,495.99999999999966,4960
106,2024-01-13 06:35:00,7,1716,hydrangea,1.0,10,28,0.28,1235.52,4804.8,17160
107,2024-01-31 00:50:00,6,981,tulip,2.0,5,10,0.05,931.9499999999999,245.25000000000034,4905
108,2024-02-06 22:51:00,4,952,bouquet_rose_orange,1.0,10,4,0.04,913.92,380.8000000000004,9520
109,2024-02-09 16:08:00,12,365,gypsophilia,4.0,3,1,0.0025,364.08750000000003,2.7374999999998977,1095
110,2024-01-08 13:00:00,9,566,minicarnation,3.0,6,33,0.11,503.74,373.55999999999995,3396
111,2024-01-29 02:45:00,1,714,bouquet_rose_white,1.0,10,12,0.12,628.32,856.7999999999995,7140
112,2024-02-07 14:38:00,1,1202,bouquet_rose_white,1.0,10,3,0.03,1165.94,360.59999999999945,12020
113,2024-01-18 05:28:00,6,1620,tulip,2.0,5,23,0.115,1433.7,931.4999999999998,8100
114,2024-01-28 03:43:00,5,1963,pom,1.5,7,13,0.08666666666666666,1792.8733333333332,1190.8866666666675,13741
115,2024-01-06 16:32:00,1,1507,bouquet_rose_white,1.0,10,35,0.35,979.5500000000001,5274.499999999999,15070
116,2024-01-02 12:33:00,3,1201,bouquet_rose_yellow,1.0,10,39,0.39,732.61,4683.9,12010
117,2024-01-22 04:13:00,0,842,alstromelia,3.0,5,19,0.06333333333333332,788.6733333333333,266.63333333333355,4210
118,2023-12-31 22:32:00,2,1329,bouquet_rose_red,1.0,10,41,0.41,784.1100000000001,5448.899999999999,13290
119,2024-01-10 17:00:00,7,1569,hydrangea,1.0,10,31,0.31,1082.61,4863.9000000000015,15690
120,2024-02-09 18:12:00,3,1921,bouquet_rose_yellow,1.0,10,1,0.01,1901.79,192.10000000000036,19210
121,2024-02-03 18:27:00,4,374,bouquet_rose_orange,1.0,10,7,0.07,347.82,261.80000000000007,3740
122,2024-01-19 02:38:00,2,1102,bouquet_rose_red,1.0,10,22,0.22,859.5600000000001,2424.3999999999996,11020
123,2024-01-22 18:29:00,7,468,hydrangea,1.0,10,19,0.19,379.08000000000004,889.1999999999996,4680
124,2024-01-11 18:20:00,10,1417,spiders,2.0,9,30,0.15,1204.45,1912.9499999999996,12753
125,2024-01-18 23:59:00,12,576,gypsophilia,4.0,3,23,0.0575,542.88,99.36000000000001,1728
126,2024-02-07 23:44:00,11,783,spray rose,2.0,5,3,0.015,771.255,58.72500000000002,3915
127,2024-01-24 15:57:00,6,402,tulip,2.0,5,17,0.085,367.83000000000004,170.8499999999998,2010
128,2024-01-27 16:38:00,3,446,bouquet_rose_yellow,1.0,10,14,0.14,383.56,624.4,4460
129,2024-01-29 13:08:00,10,621,spiders,2.0,9,12,0.06,583.74,335.3399999999999,5589
130,2024-02-04 09:40:00,4,646,bouquet_rose_orange,1.0,10,6,0.06,607.24,387.5999999999999,6460
131,2024-01-10 21:18:00,0,1532,alstromelia,3.0,5,31,0.10333333333333332,1373.6933333333334,791.5333333333331,7660
132,2024-01-29 15:09:00,3,731,bouquet_rose_yellow,1.0,10,12,0.12,643.28,877.2000000000003,7310
133,2024-01-22 07:59:00,2,822,bouquet_rose_red,1.0,10,19,0.19,665.82,1561.7999999999995,8220
134,2023-12-30 20:35:00,0,1252,alstromelia,3.0,5,42,0.14,1076.72,876.3999999999999,6260
135,2024-01-30 01:33:00,4,1586,bouquet_rose_orange,1.0,10,11,0.11,1411.54,1744.6000000000004,15860
136,2024-01-25 01:08:00,9,211,minicarnation,3.0,6,16,0.05333333333333333,199.74666666666667,67.51999999999998,1266
137,2024-02-08 14:15:00,7,1614,hydrangea,1.0,10,2,0.02,1581.72,322.7999999999997,16140
138,2024-02-10 15:33:00,2,1687,bouquet_rose_red,1.0,10,0,0.0,1687.0,0.0,16870
139,2023-12-31 17:46:00,12,987,gypsophilia,4.0,3,41,0.1025,885.8325,303.50250000000005,2961
140,2024-01-09 11:55:00,11,628,spray rose,2.0,5,32,0.16,527.52,502.4000000000001,3140
141,2024-02-08 13:39:00,10,350,spiders,2.0,9,2,0.01,346.5,31.5,3150
142,2024-01-24 15:27:00,7,887,hydrangea,1.0,10,17,0.17,736.2099999999999,1507.9000000000008,8870
143,2024-01-04 01:37:00,3,643,bouquet_rose_yellow,1.0,10,37,0.37,405.09,2379.1000000000004,6430
144,2024-02-10 03:21:00,12,978,gypsophilia,4.0,3,0,0.0,978.0,0.0,2934
145,2024-01-29 05:46:00,11,1150,spray rose,2.0,5,12,0.06,1081.0,345.0,5750
146,2024-01-21 06:09:00,11,1636,spray rose,2.0,5,20,0.1,1472.4,817.9999999999995,8180
147,2024-01-05 15:41:00,2,404,bouquet_rose_red,1.0,10,36,0.36,258.56,1454.4,4040
148,2024-01-06 17:15:00,4,503,bouquet_rose_orange,1.0,10,35,0.35,326.95,1760.5,5030
149,2024-01-13 06:16:00,11,1730,spray rose,2.0,5,28,0.14,1487.8,1211.0000000000002,8650
150,2024-01-30 18:32:00,1,1532,bouquet_rose_white,1.0,10,11,0.11,1363.48,1685.1999999999998,15320
151,2024-01-01 12:22:00,3,1311,bouquet_rose_yellow,1.0,10,40,0.4,786.6,5244.0,13110
152,2024-01-08 04:44:00,12,615,gypsophilia,4.0,3,33,0.0825,564.2625,152.21249999999986,1845
153,2024-01-05 10:39:00,7,751,hydrangea,1.0,10,36,0.36,480.64,2703.6000000000004,7510
154,2024-01-31 15:52:00,1,1358,bouquet_rose_white,1.0,10,10,0.1,1222.2,1357.9999999999995,13580
155,2024-01-15 09:16:00,11,1580,spray rose,2.0,5,26,0.13,1374.6,1027.0000000000005,7900
156,2024-01-14 02:16:00,5,1155,pom,1.5,7,27,0.18,947.1,1455.2999999999997,8085
157,2024-01-25 13:51:00,5,463,pom,1.5,7,16,0.10666666666666666,413.61333333333334,345.7066666666666,3241
158,2024-01-27 04:46:00,11,1573,spray rose,2.0,5,14,0.07,1462.8899999999999,550.5500000000006,7865
159,2024-01-02 17:19:00,1,1445,bouquet_rose_white,1.0,10,39,0.39,881.4499999999999,5635.500000000001,14450
160,2024-02-10 15:29:00,8,1484,carnation,2.0,8,0,0.0,1484.0,0.0,11872
161,2024-02-04 00:57:00,2,566,bouquet_rose_red,1.0,10,6,0.06,532.04,339.60000000000036,5660
162,2024-02-10 21:03:00,6,1017,tulip,2.0,5,0,0.0,1017.0,0.0,5085
163,2023-12-29 18:19:00,10,372,spiders,2.0,9,43,0.215,292.02000000000004,719.8199999999997,3348
164,2023-12-29 04:25:00,2,291,bouquet_rose_red,1.0,10,43,0.43,165.87,1251.3,2910
165,2024-01-21 09:26:00,9,1606,minicarnation,3.0,6,20,0.06666666666666667,1498.9333333333334,642.3999999999996,9636
166,2023-12-29 08:50:00,8,1157,carnation,2.0,8,43,0.215,908.245,1990.04,9256
167,2024-01-18 03:12:00,3,1337,bouquet_rose_yellow,1.0,10,23,0.23,1029.49,3075.1,13370
168,2024-01-09 13:35:00,3,333,bouquet_rose_yellow,1.0,10,32,0.32,226.43999999999997,1065.6000000000004,3330
169,2024-01-25 04:25:00,2,1172,bouquet_rose_red,1.0,10,16,0.16,984.48,1875.1999999999998,11720
170,2024-01-18 06:57:00,3,1701,bouquet_rose_yellow,1.0,10,23,0.23,1309.77,3912.3,17010
171,2024-01-16 23:09:00,9,293,minicarnation,3.0,6,25,0.08333333333333331,268.58333333333337,146.49999999999977,1758
172,2024-02-04 00:30:00,12,817,gypsophilia,4.0,3,6,0.015,804.745,36.764999999999986,2451
173,2024-01-06 08:08:00,7,1753,hydrangea,1.0,10,35,0.35,1139.45,6135.5,17530
174,2024-01-04 19:52:00,7,330,hydrangea,1.0,10,37,0.37,207.9,1221.0,3300
175,2024-01-04 21:08:00,7,1291,hydrangea,1.0,10,37,0.37,813.33,4776.7,12910
176,2024-01-07 04:00:00,3,701,bouquet_rose_yellow,1.0,10,34,0.34,462.65999999999997,2383.4000000000005,7010
177,2024-01-07 18:32:00,2,1158,bouquet_rose_red,1.0,10,34,0.34,764.2799999999999,3937.2000000000016,11580
178,2024-02-04 18:30:00,1,1834,bouquet_rose_white,1.0,10,6,0.06,1723.9599999999998,1100.400000000002,18340
179,2024-01-21 07:09:00,12,1447,gypsophilia,4.0,3,20,0.05,1374.6499999999999,217.0500000000004,4341
180,2024-01-25 22:40:00,4,1792,bouquet_rose_orange,1.0,10,16,0.16,1505.28,2867.2000000000003,17920
181,2024-01-01 14:08:00,5,1826,pom,1.5,7,40,0.26666666666666666,1339.0666666666668,3408.533333333332,12782
182,2024-01-09 10:43:00,5,1610,pom,1.5,7,32,0.21333333333333332,1266.5333333333333,2404.266666666667,11270
183,2024-01-07 18:05:00,7,1976,hydrangea,1.0,10,34,0.34,1304.1599999999999,6718.4000000000015,19760
184,2024-01-31 16:32:00,12,1128,gypsophilia,4.0,3,10,0.025,1099.8,84.60000000000014,3384
185,2024-01-19 06:51:00,8,530,carnation,2.0,8,22,0.11,471.7,466.4000000000001,4240
186,2024-01-26 13:28:00,8,1549,carnation,2.0,8,15,0.075,1432.825,929.3999999999996,12392
187,2024-01-20 01:21:00,10,430,spiders,2.0,9,21,0.105,384.85,406.3499999999998,3870
188,2024-01-02 16:20:00,3,383,bouquet_rose_yellow,1.0,10,39,0.39,233.63,1493.7,3830
189,2023-12-29 00:35:00,6,1424,tulip,2.0,5,43,0.215,1117.8400000000001,1530.7999999999993,7120
190,2024-01-09 18:18:00,2,1419,bouquet_rose_red,1.0,10,32,0.32,964.92,4540.8,14190
191,2023-12-28 21:58:00,2,794,bouquet_rose_red,1.0,10,44,0.44,444.64000000000004,3493.5999999999995,7940
192,2024-01-20 16:44:00,8,1181,carnation,2.0,8,21,0.105,1056.9950000000001,992.039999999999,9448
193,2024-02-06 13:34:00,9,706,minicarnation,3.0,6,4,0.013333333333333332,696.5866666666667,56.47999999999979,4236
194,2024-01-13 04:11:00,12,1335,gypsophilia,4.0,3,28,0.07,1241.55,280.35000000000014,4005
195,2024-02-09 06:40:00,5,916,pom,1.5,7,1,0.006666666666666666,909.8933333333333,42.74666666666678,6412
196,2024-02-06 11:45:00,12,1210,gypsophilia,4.0,3,4,0.01,1197.9,36.29999999999973,3630
197,2024-01-20 14:21:00,3,869,bouquet_rose_yellow,1.0,10,21,0.21,686.51,1824.9,8690
198,2024-01-03 15:06:00,0,1150,alstromelia,3.0,5,38,0.12666666666666665,1004.3333333333333,728.3333333333337,5750
199,2024-01-07 02:48:00,8,813,carnation,2.0,8,34,0.17,674.79,1105.6800000000003,6504
200,2024-01-01 10:06:00,6,261,tulip,2.0,5,40,0.2,208.8,260.99999999999994,1305
201,2024-01-31 22:48:00,5,1113,pom,1.5,7,10,0.06666666666666667,1038.8,519.4000000000003,7791
202,2024-01-16 00:31:00,9,1725,minicarnation,3.0,6,25,0.08333333333333331,1581.2500000000002,862.4999999999986,10350
203,2024-01-16 08:43:00,0,440,alstromelia,3.0,5,25,0.08333333333333331,403.33333333333337,183.33333333333314,2200
204,2024-02-08 22:51:00,1,541,bouquet_rose_white,1.0,10,2,0.02,530.18,108.2000000000005,5410
205,2024-02-06 13:45:00,1,1670,bouquet_rose_white,1.0,10,4,0.04,1603.2,667.9999999999995,16700
206,2024-01-20 20:29:00,0,1084,alstromelia,3.0,5,21,0.07,1008.1199999999999,379.40000000000055,5420
207,2024-01-06 18:07:00,9,358,minicarnation,3.0,6,35,0.11666666666666665,316.23333333333335,250.5999999999999,2148
208,2024-01-25 00:34:00,11,1203,spray rose,2.0,5,16,0.08,1106.76,481.20000000000005,6015
209,2024-01-10 02:53:00,7,754,hydrangea,1.0,10,31,0.31,520.26,2337.4,7540
210,2024-01-02 21:10:00,6,1011,tulip,2.0,5,39,0.195,813.8549999999999,985.7250000000005,5055
211,2024-01-29 05:32:00,7,1648,hydrangea,1.0,10,12,0.12,1450.24,1977.6,16480
212,2023-12-31 06:15:00,4,1240,bouquet_rose_orange,1.0,10,41,0.41,731.6000000000001,5083.999999999998,12400
213,2024-01-05 17:59:00,0,393,alstromelia,3.0,5,36,0.12,345.84,235.80000000000013,1965
214,2024-01-04 01:04:00,0,774,alstromelia,3.0,5,37,0.12333333333333332,678.5400000000001,477.2999999999996,3870
215,2024-01-18 00:27:00,9,1379,minicarnation,3.0,6,23,0.07666666666666666,1273.2766666666666,634.3400000000001,8274
216,2024-01-30 21:43:00,6,261,tulip,2.0,5,11,0.055,246.64499999999998,71.77500000000009,1305
217,2024-01-23 11:14:00,7,1244,hydrangea,1.0,10,18,0.18,1020.08,2239.2,12440
218,2024-01-14 13:14:00,9,705,minicarnation,3.0,6,27,0.09,641.5500000000001,380.6999999999996,4230
219,2024-01-01 22:57:00,9,1320,minicarnation,3.0,6,40,0.13333333333333333,1144.0,1056.0,7920
220,2024-01-28 03:11:00,11,960,spray rose,2.0,5,13,0.065,897.6,311.9999999999999,4800
221,2024-01-31 22:11:00,3,1182,bouquet_rose_yellow,1.0,10,10,0.1,1063.8,1182.0000000000005,11820
222,2024-01-15 10:38:00,7,1182,hydrangea,1.0,10,26,0.26,874.68,3073.2000000000007,11820
223,2024-01-30 05:05:00,4,1440,bouquet_rose_orange,1.0,10,11,0.11,1281.6,1584.000000000001,14400
224,2024-01-27 08:45:00,9,982,minicarnation,3.0,6,14,0.04666666666666666,936.1733333333334,274.9599999999996,5892
225,2024-02-02 13:10:00,9,1822,minicarnation,3.0,6,8,0.026666666666666665,1773.4133333333334,291.5199999999995,10932
226,2024-01-22 22:15:00,7,1056,hydrangea,1.0,10,19,0.19,855.36,2006.3999999999999,10560
227,2024-01-31 09:26:00,11,1190,spray rose,2.0,5,10,0.05,1130.5,297.5,5950
228,2024-01-03 19:22:00,9,328,minicarnation,3.0,6,38,0.12666666666666665,286.4533333333333,249.2800000000001,1968
229,2024-01-06 20:42:00,9,220,minicarnation,3.0,6,35,0.11666666666666665,194.33333333333331,154.0000000000001,1320
230,2024-01-26 14:34:00,9,1789,minicarnation,3.0,6,15,0.05,1699.55,536.7000000000003,10734
231,2024-01-09 18:17:00,3,1781,bouquet_rose_yellow,1.0,10,32,0.32,1211.08,5699.200000000001,17810
232,2024-01-22 18:21:00,0,207,alstromelia,3.0,5,19,0.06333333333333332,193.89,65.55000000000007,1035
233,2024-01-20 13:35:00,3,1303,bouquet_rose_yellow,1.0,10,21,0.21,1029.3700000000001,2736.299999999999,13030
234,2024-02-10 10:16:00,8,1892,carnation,2.0,8,0,0.0,1892.0,0.0,15136
235,2024-01-22 05:13:00,3,1059,bouquet_rose_yellow,1.0,10,19,0.19,857.7900000000001,2012.0999999999992,10590
236,2024-02-07 03:05:00,11,1552,spray rose,2.0,5,3,0.015,1528.72,116.39999999999986,7760
237,2024-01-24 18:07:00,9,1636,minicarnation,3.0,6,17,0.056666666666666664,1543.2933333333333,556.2400000000002,9816
238,2024-01-21 11:48:00,10,1849,spiders,2.0,9,20,0.1,1664.1000000000001,1664.0999999999988,16641
239,2024-01-10 09:13:00,9,1534,minicarnation,3.0,6,31,0.10333333333333332,1375.4866666666667,951.0799999999999,9204
240,2024-02-06 11:17:00,9,218,minicarnation,3.0,6,4,0.013333333333333332,215.09333333333333,17.439999999999998,1308
241,2024-01-11 18:38:00,10,1046,spiders,2.0,9,30,0.15,889.1,1412.1,9414
242,2024-01-11 01:11:00,4,604,bouquet_rose_orange,1.0,10,30,0.3,422.79999999999995,1812.0000000000005,6040
243,2024-02-03 10:40:00,9,536,minicarnation,3.0,6,7,0.02333333333333333,523.4933333333333,75.03999999999996,3216
244,2024-01-12 09:19:00,4,1752,bouquet_rose_orange,1.0,10,29,0.29,1243.9199999999998,5080.800000000001,17520
245,2024-01-04 23:49:00,7,654,hydrangea,1.0,10,37,0.37,412.02,2419.8,6540
246,2024-01-17 01:23:00,12,1129,gypsophilia,4.0,3,24,0.06,1061.26,203.22000000000003,3387
247,2024-01-31 17:02:00,12,1028,gypsophilia,4.0,3,10,0.025,1002.3,77.10000000000014,3084
248,2024-01-15 12:27:00,0,1765,alstromelia,3.0,5,26,0.08666666666666666,1612.0333333333333,764.8333333333335,8825
249,2024-02-06 19:36:00,4,1271,bouquet_rose_orange,1.0,10,4,0.04,1220.1599999999999,508.40000000000146,12710
250,2024-01-27 18:53:00,8,1030,carnation,2.0,8,14,0.07,957.9,576.8000000000002,8240
251,2024-01-22 05:21:00,9,779,minicarnation,3.0,6,19,0.06333333333333332,729.6633333333333,296.0200000000002,4674
252,2024-01-17 22:06:00,6,237,tulip,2.0,5,24,0.12,208.56,142.2,1185
253,2024-01-31 01:28:00,2,835,bouquet_rose_red,1.0,10,10,0.1,751.5,835.0,8350
254,2024-01-25 12:07:00,2,1904,bouquet_rose_red,1.0,10,16,0.16,1599.36,3046.400000000001,19040
255,2024-01-15 09:19:00,4,1586,bouquet_rose_orange,1.0,10,26,0.26,1173.6399999999999,4123.600000000001,15860
256,2024-01-21 10:24:00,8,1401,carnation,2.0,8,20,0.1,1260.9,1120.7999999999993,11208
257,2024-02-01 03:19:00,12,961,gypsophilia,4.0,3,9,0.0225,939.3775,64.86749999999984,2883
258,2024-01-24 02:38:00,10,275,spiders,2.0,9,17,0.085,251.625,210.375,2475
259,2024-02-04 19:15:00,4,1381,bouquet_rose_orange,1.0,10,6,0.06,1298.1399999999999,828.6000000000013,13810
260,2024-02-07 02:51:00,7,1157,hydrangea,1.0,10,3,0.03,1122.29,347.10000000000036,11570
261,2024-01-03 15:53:00,0,1487,alstromelia,3.0,5,38,0.12666666666666665,1298.6466666666665,941.7666666666673,7435
262,2024-02-02 08:50:00,12,1844,gypsophilia,4.0,3,8,0.02,1807.12,110.64000000000033,5532
263,2024-01-26 14:54:00,2,1141,bouquet_rose_red,1.0,10,15,0.15,969.85,1711.4999999999998,11410
264,2024-01-13 06:42:00,10,1784,spiders,2.0,9,28,0.14,1534.24,2247.84,16056
265,2024-01-09 21:44:00,12,1043,gypsophilia,4.0,3,32,0.08,959.5600000000001,250.31999999999982,3129
266,2024-01-22 10:16:00,8,1565,carnation,2.0,8,19,0.095,1416.325,1189.3999999999996,12520
267,2024-01-05 22:16:00,9,240,minicarnation,3.0,6,36,0.12,211.2,172.80000000000007,1440
268,2024-01-14 00:37:00,9,1082,minicarnation,3.0,6,27,0.09,984.62,584.28,6492
269,2024-01-29 06:21:00,8,1511,carnation,2.0,8,12,0.06,1420.34,725.2800000000007,12088
270,2024-01-15 17:30:00,0,545,alstromelia,3.0,5,26,0.08666666666666666,497.76666666666665,236.16666666666674,2725
271,2024-01-29 21:45:00,0,226,alstromelia,3.0,5,12,0.04,216.95999999999998,45.2000000000001,1130
272,2024-01-04 06:21:00,12,1152,gypsophilia,4.0,3,37,0.0925,1045.44,319.67999999999984,3456
273,2024-01-12 07:53:00,0,1936,alstromelia,3.0,5,29,0.09666666666666666,1748.8533333333332,935.7333333333338,9680
274,2024-01-15 03:37:00,0,1230,alstromelia,3.0,5,26,0.08666666666666666,1123.4,532.9999999999995,6150
275,2024-01-14 00:00:00,8,1523,carnation,2.0,8,28,0.14,1309.78,1705.7600000000002,12184
276,2024-01-18 12:36:00,2,287,bouquet_rose_red,1.0,10,23,0.23,220.99,660.0999999999999,2870
277,2024-01-17 19:06:00,2,1348,bouquet_rose_red,1.0,10,24,0.24,1024.48,3235.2,13480
278,2024-01-04 01:17:00,9,1459,minicarnation,3.0,6,37,0.12333333333333332,1279.0566666666666,1079.6600000000003,8754
279,2024-02-07 03:46:00,11,402,spray rose,2.0,5,3,0.015,395.96999999999997,30.150000000000148,2010
280,2024-01-04 12:23:00,6,1276,tulip,2.0,5,37,0.185,1039.9399999999998,1180.3000000000009,6380
281,2024-02-01 03:57:00,4,1016,bouquet_rose_orange,1.0,10,9,0.09,924.5600000000001,914.3999999999994,10160
282,2024-01-13 04:15:00,12,956,gypsophilia,4.0,3,28,0.07,889.0799999999999,200.76000000000022,2868
283,2024-01-06 14:53:00,6,839,tulip,2.0,5,35,0.175,692.175,734.1250000000002,4195
284,2023-12-29 03:02:00,3,1758,bouquet_rose_yellow,1.0,10,43,0.43,1002.0600000000001,7559.4,17580
285,2024-01-21 10:14:00,8,923,carnation,2.0,8,20,0.1,830.7,738.3999999999996,7384
286,2024-02-10 14:42:00,5,467,pom,1.5,7,0,0.0,467.0,0.0,3269
287,2024-02-07 03:36:00,1,1131,bouquet_rose_white,1.0,10,3,0.03,1097.07,339.30000000000064,11310
288,2024-02-06 13:15:00,11,494,spray rose,2.0,5,4,0.02,484.12,49.39999999999998,2470
289,2024-02-04 00:02:00,11,275,spray rose,2.0,5,6,0.03,266.75,41.25,1375
290,2024-01-09 04:25:00,6,1927,tulip,2.0,5,32,0.16,1618.6799999999998,1541.6000000000008,9635
291,2024-01-20 11:31:00,10,872,spiders,2.0,9,21,0.105,780.44,824.0399999999995,7848
292,2024-01-26 23:32:00,12,1002,gypsophilia,4.0,3,15,0.0375,964.4250000000001,112.7249999999998,3006
293,2024-01-22 00:21:00,2,1896,bouquet_rose_red,1.0,10,19,0.19,1535.76,3602.4,18960
294,2024-01-30 12:04:00,2,1562,bouquet_rose_red,1.0,10,11,0.11,1390.18,1718.1999999999994,15620
295,2023-12-30 07:14:00,3,1096,bouquet_rose_yellow,1.0,10,42,0.42,635.6800000000001,4603.199999999999,10960
296,2023-12-31 04:37:00,1,487,bouquet_rose_white,1.0,10,41,0.41,287.33000000000004,1996.6999999999996,4870
297,2024-02-06 17:41:00,4,1289,bouquet_rose_orange,1.0,10,4,0.04,1237.44,515.5999999999995,12890
298,2024-01-27 12:22:00,11,1374,spray rose,2.0,5,14,0.07,1277.82,480.9000000000003,6870
299,2024-02-03 10:18:00,3,1510,bouquet_rose_yellow,1.0,10,7,0.07,1404.3,1057.0000000000005,15100
